<?xml version="1.0" encoding="UTF-8"?>

<ExtensionManifest Version="6.0" ExtensionBundleId="io.zeplin.ps" ExtensionBundleVersion="1.0.0"
 xmlns:xsi="http://www.w3.org/2001/XMLSchema-instance">
	<Author>
		<![CDATA[Zeplin]]>
	</Author>
	<ExtensionList>
		<Extension Id="io.zeplin.ps.extension" Version="1.0" />
	</ExtensionList>
	<ExecutionEnvironment>
		<HostList>
			<Host Name="PHSP" Version="16.0" />
			<Host Name="PHXS" Version="16.0" />
		</HostList>
		<LocaleList>
			<Locale Code="All" />
		</LocaleList>
		<RequiredRuntimeList>
		    <RequiredRuntime Name="CSXS" Version="6.0" />
		</RequiredRuntimeList>
	</ExecutionEnvironment>
	<DispatchInfoList>
		<Extension Id="io.zeplin.ps.extension">
			<DispatchInfo >
				<Resources>
					<MainPath>./index.html</MainPath>
					<ScriptPath>./Zeplin.jsx</ScriptPath>
					<CEFCommandLine>
						<Parameter>--enable-nodejs</Parameter>
					</CEFCommandLine>
				</Resources>
				<Lifecycle>
					<AutoVisible>true</AutoVisible>
				</Lifecycle>
				<UI>
					<Type>Panel</Type>
					<Menu>Zeplin</Menu>
					<Geometry>
						<Size>
							<Height>352</Height>
							<Width>300</Width>
						</Size>
						<MaxSize>
							<Height>352</Height>
							<Width>300</Width>
						</MaxSize>
						<MinSize>
							<Height>242</Height>
							<Width>204</Width>
						</MinSize>
					</Geometry>
					<Icons>
						<Icon Type="Normal">./icons/logo-zeplin-panel-light.png</Icon>
						<Icon Type="DarkNormal">./icons/logo-zeplin-panel-dark.png</Icon>
					</Icons>
				</UI>
			</DispatchInfo>
		</Extension>
	</DispatchInfoList>
</ExtensionManifest>